,city,city_2,state,abbreviation,state_2
0,Chewelah,Chewelah%2C%20,Washington,WA,Chewelah%2C%20WA
1,Hastings,Hastings%2C%20,Minnesota,MN,Hastings%2C%20MN
2,Snoquale Pass,Snoquale%20Pass%2C%20,Washington,WA,Snoquale%20Pass%2C%20WA
3,Chesterland,Chesterland%2C%20,Ohio,OH,Chesterland%2C%20OH
4,East Troy,East%20Troy%2C%20,Wisconsin,WI,East%20Troy%2C%20WI
5,Alta,Alta%2C%20,Utah,UT,Alta%2C%20UT
6,Girdwood,Girdwood%2C%20,Alaska,AK,Girdwood%2C%20AK
7,Kensington,Kensington%2C%20,Minnesota,MN,Kensington%2C%20MN
8,Angel Fire,Angel%20Fire%2C%20,New%20Mexico,NM,Angel%20Fire%2C%20NM
9,North Powder,North%20Powder%2C%20,Oregon,OR,North%20Powder%2C%20OR
10,Blowing Rock,Blowing%20Rock%2C%20,North%20Carolina,NC,Blowing%20Rock%2C%20NC
11,Freeland,Freeland%2C%20,Michigan,MI,Freeland%2C%20MI
12,Dillon,Dillon%2C%20,Colorado,CO,Dillon%2C%20CO
13,Flagstaff,Flagstaff%2C%20,Arizona,AZ,Flagstaff%2C%20AZ
14,Aspen,Aspen%2C%20,Colorado,CO,Aspen%2C%20CO
15,Bartlett,Bartlett%2C%20,New%20Hampshire,NH,Bartlett%2C%20NH
16,Mungie,Mungie%2C%20,Pennsylvania,PA,Mungie%2C%20PA
17,Big Bear Lake,Big%20Bear%20Lake%2C%20,California,CA,Big%20Bear%20Lake%2C%20CA
18,Bear Valley,Bear%20Valley%2C%20,California,CA,Bear%20Valley%2C%20CA
19,Vail,Vail%2C%20,Colorado,CO,Vail%2C%20CO
20,Logan,Logan%2C%20,Utah,UT,Logan%2C%20UT
21,Banner  Elk,Banner%20%20Elk%2C%20,North%20Carolina,NC,Banner%20%20Elk%2C%20NC
22,Highmount,Highmount%2C%20,New%20York,NY,Highmount%2C%20NY
23,Charlemont,Charlemont%2C%20,Masshusetts,MA,Charlemont%2C%20MA
24,Lkawaxen,Lkawaxen%2C%20,Pennsylvania,PA,Lkawaxen%2C%20PA
25,Blakeslee,Blakeslee%2C%20,Pennsylvania,PA,Blakeslee%2C%20PA
26,Bessemer,Bessemer%2C%20,Michigan,MI,Bessemer%2C%20MI
27,Big Sky,Big%20Sky%2C%20,Montana,MT,Big%20Sky%2C%20MT
28,Greenville,Greenville%2C%20,Maine,ME,Greenville%2C%20ME
29,Otsego,Otsego%2C%20,Michigan,MI,Otsego%2C%20MI
30,Blandford,Blandford%2C%20,Masshusetts,MA,Blandford%2C%20MA
31,Jackson,Jackson%2C%20,Masshusetts,MA,Jackson%2C%20MA
32,Lakeside,Lakeside%2C%20,Montana,MT,Lakeside%2C%20MT
33,Canton,Canton%2C%20,Masshusetts,MA,Canton%2C%20MA
34,Claysburg,Claysburg%2C%20,Pennsylvania,PA,Claysburg%2C%20PA
35,Palmerton,Palmerton%2C%20,Pennsylvania,PA,Palmerton%2C%20PA
36,Dayton,Dayton%2C%20,Washington,WA,Dayton%2C%20WA
37,Boise,Boise%2C%20,Idaho,ID,Boise%2C%20ID
38,Bolton,Bolton%2C%20,Vermont,VT,Bolton%2C%20VT
39,Truckee,Truckee%2C%20,California,CA,Truckee%2C%20CA
40,Peninsula,Peninsula%2C%20,Ohio,OH,Peninsula%2C%20OH
41,Pittsfield,Pittsfield%2C%20,Masshusetts,MA,Pittsfield%2C%20MA
42,Boyne Falls,Boyne%20Falls%2C%20,Michigan,MI,Boyne%20Falls%2C%20MI
43,Bradford,Bradford%2C%20,Masshusetts,MA,Bradford%2C%20MA
44,Sodus,Sodus%2C%20,New%20York,NY,Sodus%2C%20NY
45,Breckenridge,Breckenridge%2C%20,Colorado,CO,Breckenridge%2C%20CO
46,Bretton Woods,Bretton%20Woods%2C%20,New%20Hampshire,NH,Bretton%20Woods%2C%20NH
47,Brian Head,Brian%20Head%2C%20,Utah,UT,Brian%20Head%2C%20UT
48,Bozeman,Bozeman%2C%20,Montana,MT,Bozeman%2C%20MT
49,Brighton,Brighton%2C%20,Utah,UT,Brighton%2C%20UT
50,Canandaigua,Canandaigua%2C%20,New%20York,NY,Canandaigua%2C%20NY
51,Manchester Center,Manchester%20Center%2C%20,Vermont,VT,Manchester%20Center%2C%20VT
52,Neilsville,Neilsville%2C%20,Wisconsin,WI,Neilsville%2C%20WI
53,McCall,McCall%2C%20,Idaho,ID,McCall%2C%20ID
54,Basye,Basye%2C%20,Virginia,VA,Basye%2C%20VA
55,Burnsville,Burnsville%2C%20,Minnesota,MN,Burnsville%2C%20MN
56,Bedji,Bedji%2C%20,Minnesota,MN,Bedji%2C%20MN
57,Orchard Park,Orchard%20Park%2C%20,New%20York,NY,Orchard%20Park%2C%20NY
58,East Burke,East%20Burke%2C%20,Vermont,VT,East%20Burke%2C%20VT
59,Cadill,Cadill%2C%20,Michigan,MI,Cadill%2C%20MI
60,Camden,Camden%2C%20,Maine,ME,Camden%2C%20ME
61,Tannersville,Tannersville%2C%20,Pennsylvania,PA,Tannersville%2C%20PA
62,Mahwah,Mahwah%2C%20,New%20Jersey,NJ,Mahwah%2C%20NJ
63,Davis,Davis%2C%20,West%20Virginia,WV,Davis%2C%20WV
64,Franconia,Franconia%2C%20,New%20Hampshire,NH,Franconia%2C%20NH
65,Cannonsburg,Cannonsburg%2C%20,Michigan,MI,Cannonsburg%2C%20MI
66,Portage,Portage%2C%20,Wisconsin,WI,Portage%2C%20WI
67,Maggie Valley,Maggie%20Valley%2C%20,North%20Carolina,NC,Maggie%20Valley%2C%20NC
68,Hillsdale,Hillsdale%2C%20,New%20York,NY,Hillsdale%2C%20NY
69,Galena,Galena%2C%20,Illinois,IL,Galena%2C%20IL
70,Lakeshore,Lakeshore%2C%20,California,CA,Lakeshore%2C%20CA
71,Bruce,Bruce%2C%20,Wisconsin,WI,Bruce%2C%20WI
72,Wisconsin Dells,Wisconsin%20Dells%2C%20,Wisconsin,WI,Wisconsin%20Dells%2C%20WI
73,Wabasha,Wabasha%2C%20,Minnesota,MN,Wabasha%2C%20MN
74,Leadville,Leadville%2C%20,Colorado,CO,Leadville%2C%20CO
75,Mount Hood,Mount%20Hood%2C%20,Oregon,OR,Mount%20Hood%2C%20OR
76,Copper Mountain,Copper%20Mountain%2C%20,Colorado,CO,Copper%20Mountain%2C%20CO
77,North Conway,North%20Conway%2C%20,New%20Hampshire,NH,North%20Conway%2C%20NH
78,Mt. Crested Butte,Mt.%20Crested%20Butte%2C%20,Colorado,CO,Mt.%20Crested%20Butte%2C%20CO
79,Bennington,Bennington%2C%20,New%20Hampshire,NH,Bennington%2C%20NH
80,Crystal Mountain,Crystal%20Mountain%2C%20,Washington,WA,Crystal%20Mountain%2C%20WA
81,Thompsonville,Thompsonville%2C%20,Michigan,MI,Thompsonville%2C%20MI
82,Hanover,Hanover%2C%20,New%20Hampshire,NH,Hanover%2C%20NH
83,Lead,Lead%2C%20,South%20Dakota,SD,Lead%2C%20SD
84,Park City,Park%20City%2C%20,Utah,UT,Park%20City%2C%20UT
85,Merrim,Merrim%2C%20,Wisconsin,WI,Merrim%2C%20WI
86,Incline Village,Incline%20Village%2C%20,Nevada,NV,Incline%20Village%2C%20NV
87,Anonda,Anonda%2C%20,Montana,MT,Anonda%2C%20MT
88,Pinecrest,Pinecrest%2C%20,California,CA,Pinecrest%2C%20CA
89,Norden,Norden%2C%20,California,CA,Norden%2C%20CA
90,Watertown,Watertown%2C%20,New%20York,NY,Watertown%2C%20NY
91,Beaver,Beaver%2C%20,Utah,UT,Beaver%2C%20UT
92,Hazelton,Hazelton%2C%20,Pennsylvania,PA,Hazelton%2C%20PA
93,Juneau,Juneau%2C%20,Alaska,AK,Juneau%2C%20AK
94,Nederland,Nederland%2C%20,Colorado,CO,Nederland%2C%20CO
95,Union Dale,Union%20Dale%2C%20,Pennsylvania,PA,Union%20Dale%2C%20PA
96,Elko,Elko%2C%20,Nevada,NV,Elko%2C%20NV
97,Maple Grove,Maple%20Grove%2C%20,Minnesota,MN,Maple%20Grove%2C%20MN
98,Red River,Red%20River%2C%20,New%20Mexico,NM,Red%20River%2C%20NM
99,Lisle,Lisle%2C%20,Illinois,IL,Lisle%2C%20IL
100,Biwabik,Biwabik%2C%20,Minnesota,MN,Biwabik%2C%20MN
101,North Creek,North%20Creek%2C%20,New%20York,NY,North%20Creek%2C%20NY
102,Granby,Granby%2C%20,Colorado,CO,Granby%2C%20CO
103,Lake Geneva,Lake%20Geneva%2C%20,Wisconsin,WI,Lake%20Geneva%2C%20WI
104,Alta,Alta%2C%20,Wyoming,WY,Alta%2C%20WY
105,Wausau,Wausau%2C%20,Wisconsin,WI,Wausau%2C%20WI
106,Marysville,Marysville%2C%20,Montana,MT,Marysville%2C%20MT
107,Cortland,Cortland%2C%20,New%20York,NY,Cortland%2C%20NY
108,Lonia,Lonia%2C%20,New%20Hampshire,NH,Lonia%2C%20NH
109,Stateline,Stateline%2C%20,California,CA,Stateline%2C%20CA
110,Eureka,Eureka%2C%20,Missouri,MO,Eureka%2C%20MO
111,Anchorage,Anchorage%2C%20,Alaska,AK,Anchorage%2C%20AK
112,Casper,Casper%2C%20,Wyoming,WY,Casper%2C%20WY
113,Monticello,Monticello%2C%20,New%20York,NY,Monticello%2C%20NY
114,Ellicotville,Ellicotville%2C%20,New%20York,NY,Ellicotville%2C%20NY
115,Ellicottville,Ellicottville%2C%20,New%20York,NY,Ellicottville%2C%20NY
116,Sisters,Sisters%2C%20,Oregon,OR,Sisters%2C%20OR
117,Steamboat,Steamboat%2C%20,Colorado,CO,Steamboat%2C%20CO
118,Naples,Naples%2C%20,New%20York,NY,Naples%2C%20NY
119,Hunter,Hunter%2C%20,New%20York,NY,Hunter%2C%20NY
120,Bloongton,Bloongton%2C%20,Minnesota,MN,Bloongton%2C%20MN
121,Jay,Jay%2C%20,Vermont,VT,Jay%2C%20VT
122,Hancock,Hancock%2C%20,Masshusetts,MA,Hancock%2C%20MA
123,Blakeslee,Blakeslee%2C%20,Pennsylvania,PA,Blakeslee%2C%20PA
124,Wakefield,Wakefield%2C%20,Michigan,MI,Wakefield%2C%20MI
125,Teton Village,Teton%20Village%2C%20,Wyoming,WY,Teton%20Village%2C%20WY
126,June Lake,June%20Lake%2C%20,California,CA,June%20Lake%2C%20CA
127,Ririe,Ririe%2C%20,Idaho,ID,Ririe%2C%20ID
128,Keystone,Keystone%2C%20,Colorado,CO,Keystone%2C%20CO
129,Killington,Killington%2C%20,Vermont,VT,Killington%2C%20VT
130,East Madison,East%20Madison%2C%20,New%20Hampshire,NH,East%20Madison%2C%20NH
131,Kirkwood,Kirkwood%2C%20,California,CA,Kirkwood%2C%20CA
132,Glenwood,Glenwood%2C%20,New%20York,NY,Glenwood%2C%20NY
133,Truxton,Truxton%2C%20,New%20York,NY,Truxton%2C%20NY
134,Las Vegas,Las%20Vegas%2C%20,NV%2089131,NV,Las%20Vegas%2C%20NV
135,Carroll Valley,Carroll%20Valley%2C%20,Pennsylvania,PA,Carroll%20Valley%2C%20PA
136,Slinger,Slinger%2C%20,Wisconsin,WI,Slinger%2C%20WI
137,Walle,Walle%2C%20,ID%2083873,ID,Walle%2C%20ID
138,Lincoln,Lincoln%2C%20,New%20Hampshire,NH,Lincoln%2C%20NH
139,Conner,Conner%2C%20,Montana,MT,Conner%2C%20MT
140,Auburn,Auburn%2C%20,Maine,ME,Auburn%2C%20ME
141,Georgetown,Georgetown%2C%20,Colorado,CO,Georgetown%2C%20CO
142,Lutsen,Lutsen%2C%20,Minnesota,MN,Lutsen%2C%20MN
143,Bellefontaine,Bellefontaine%2C%20,Ohio,OH,Bellefontaine%2C%20OH
144,Waitsfield,Waitsfield%2C%20,Vermont,VT,Waitsfield%2C%20VT
145,Londonderry,Londonderry%2C%20,Vermont,VT,Londonderry%2C%20VT
146,Twin Falls,Twin%20Falls%2C%20,Idaho,ID,Twin%20Falls%2C%20ID
147,Mammoth Lakes,Mammoth%20Lakes%2C%20,California,CA,Mammoth%20Lakes%2C%20CA
148,Schenectady,Schenectady%2C%20,New%20York,NY,Schenectady%2C%20NY
149,Marquette,Marquette%2C%20,Michigan,MI,Marquette%2C%20MI
150,Harrisonburg,Harrisonburg%2C%20,Virginia,VA,Harrisonburg%2C%20VA
151,Polaris,Polaris%2C%20,Montana,MT,Polaris%2C%20MT
152,Old Forge,Old%20Forge%2C%20,New%20York,NY,Old%20Forge%2C%20NY
153,Tensleep,Tensleep%2C%20,Wyoming,WY,Tensleep%2C%20WY
154,Cornwall,Cornwall%2C%20,Connecticut,CT,Cornwall%2C%20CT
155,Monarch,Monarch%2C%20,Colorado,CO,Monarch%2C%20CO
156,Houghton,Houghton%2C%20,Michigan,MI,Houghton%2C%20MI
157,18507 Scranton,18507%20Scranton%2C%20,Pennsylvania,PA,18507%20Scranton%2C%20PA
158,ssoula,ssoula%2C%20,Montana,MT,ssoula%2C%20MT
159,Holly,Holly%2C%20,Michigan,MI,Holly%2C%20MI
160,Mankato,Mankato%2C%20,Minnesota,MN,Mankato%2C%20MN
161,Warwick,Warwick%2C%20,New%20York,NE,Warwick%2C%20NE
162, Venango,%20Venango%2C%20,Pennsylvania,PE,%20Venango%2C%20PE
163,West Dover,West%20Dover%2C%20,Vermont,VE,West%20Dover%2C%20VE
164,Southington,Southington%2C%20,Connecticut,CO,Southington%2C%20CO
165,Newbury,Newbury%2C%20,New%20Hampshire,NE,Newbury%2C%20NE
166,Vernon,Vernon%2C%20,New%20Jersey,NE,Vernon%2C%20NE
167,Wrightwood,Wrightwood%2C%20,California,CA,Wrightwood%2C%20CA
168,Greenwood,Greenwood%2C%20,Maine,MA,Greenwood%2C%20MA
169,Ashland,Ashland%2C%20,Oregon,OR,Ashland%2C%20OR
170,Bellingham,Bellingham%2C%20,Washington,WA,Bellingham%2C%20WA
171,Mt. Baldy,Mt.%20Baldy%2C%20,California,CA,Mt.%20Baldy%2C%20CA
172,Bend,Bend%2C%20,Oregon,OR,Bend%2C%20OR
173,Michigan,Michigan%2C%20,Michigan,MI,Michigan%2C%20MI
174,Brighton,Brighton%2C%20,Michigan,MI,Brighton%2C%20MI
175,Crescent,Crescent%2C%20,Iowa,IO,Crescent%2C%20IO
176,Traverse City,Traverse%20City%2C%20,Michigan,MI,Traverse%20City%2C%20MI
177,Mt. Hood,Mt.%20Hood%2C%20,Oregon,OR,Mt.%20Hood%2C%20OR
178,Government Camp,Government%20Camp%2C%20,Oregon,OR,Government%20Camp%2C%20OR
179,Lee,Lee%2C%20,Maine,MA,Lee%2C%20MA
180,La Crosse,La%20Crosse%2C%20,Wisconsin,WI,La%20Crosse%2C%20WI
181,Reno,Reno%2C%20,Nevada,NE,Reno%2C%20NE
182,Mount Shasta,Mount%20Shasta%2C%20,California,CA,Mount%20Shasta%2C%20CA
183,Mead,Mead%2C%20,Washington,WA,Mead%2C%20WA
184,Grand Haven,Grand%20Haven%2C%20,Michigan,MI,Grand%20Haven%2C%20MI
185,Westford,Westford%2C%20,Masshusetts,MA,Westford%2C%20MA
186,Stockton Springs,Stockton%20Springs%2C%20,Maine,MA,Stockton%20Springs%2C%20MA
187,Wild Rose,Wild%20Rose%2C%20,Wisconsin,WI,Wild%20Rose%2C%20WI
188,Eden,Eden%2C%20,Utah,UT,Eden%2C%20UT
189,Truckee,Truckee%2C%20,California,CA,Truckee%2C%20CA
190,Norway,Norway%2C%20,Michigan,MI,Norway%2C%20MI
191,Harbor Springs,Harbor%20Springs%2C%20,Michigan,MI,Harbor%20Springs%2C%20MI
192,Speculator,Speculator%2C%20,NY,NE,Speculator%2C%20NE
193,Gatlinburg,Gatlinburg%2C%20,Tennessee,TE,Gatlinburg%2C%20TE
194,Ludlow,Ludlow%2C%20,Vermont,VE,Ludlow%2C%20VE
195,Hot Springs,Hot%20Springs%2C%20,Virginia,VI,Hot%20Springs%2C%20VI
196,01253 Otis,01253%20Otis%2C%20,Masshusetts,MA,01253%20Otis%2C%20MA
197,Los Alamos,Los%20Alamos%2C%20,New%20Mexico,NE,Los%20Alamos%2C%20NE
198,Olympic Valley,Olympic%20Valley%2C%20,California,CA,Olympic%20Valley%2C%20CA
199,Paoli,Paoli%2C%20,Indiana,IN,Paoli%2C%20IN
200,Park City,Park%20City%2C%20,Utah,UT,Park%20City%2C%20UT
201,Henniker,Henniker%2C%20,New%20Hampshire,NE,Henniker%2C%20NE
202,Inkom,Inkom%2C%20,Idaho,ID,Inkom%2C%20ID
203,Findley Lake,Findley%20Lake%2C%20,New%20York,NE,Findley%20Lake%2C%20NE
204,Lawrenceburg,Lawrenceburg%2C%20,Indiana,IN,Lawrenceburg%2C%20IN
205,Killington,Killington%2C%20,Vermont,VE,Killington%2C%20VE
206,Clartkston,Clartkston%2C%20,Michigan,MI,Clartkston%2C%20MI
207,Iron Mountain,Iron%20Mountain%2C%20,Michigan,MI,Iron%20Mountain%2C%20MI
208,Roxbury,Roxbury%2C%20,New%20York,NE,Roxbury%2C%20NE
209,Bridgton,Bridgton%2C%20,Maine,MA,Bridgton%2C%20MA
210,Albion,Albion%2C%20,Idaho,ID,Albion%2C%20ID
211,Eden,Eden%2C%20,Utah,UT,Eden%2C%20UT
212,Kimball,Kimball%2C%20,Minnesota,MI,Kimball%2C%20MI
213,ddlefield,ddlefield%2C%20,Connecticut,CO,ddlefield%2C%20CO
214,Mesa,Mesa%2C%20,Colorado,CO,Mesa%2C%20CO
215,Durango,Durango%2C%20,Colorado,CO,Durango%2C%20CO
216,Danbury,Danbury%2C%20,New%20Hampshire,NE,Danbury%2C%20NE
217,Red Lodge,Red%20Lodge%2C%20,Montana,MO,Red%20Lodge%2C%20MO
218,Red River,Red%20River%2C%20,New%20Mexico,NE,Red%20River%2C%20NE
219,Lewisberry,Lewisberry%2C%20,Pennsylvania,PE,Lewisberry%2C%20PE
220,Caroga Lake,Caroga%20Lake%2C%20,New%20York,NE,Caroga%20Lake%2C%20NE
221,Albuquerque,Albuquerque%2C%20,New%20Mexico,NE,Albuquerque%2C%20NE
222,Cashiers,Cashiers%2C%20,North%20Carolina,NO,Cashiers%2C%20NO
223,Woodstock,Woodstock%2C%20,Vermont,VE,Woodstock%2C%20VE
224,Bellaire,Bellaire%2C%20,Michigan,MI,Bellaire%2C%20MI
225,Sandpoint,Sandpoint%2C%20,Idaho,ID,Sandpoint%2C%20ID
226,Boone,Boone%2C%20,Iowa,IO,Boone%2C%20IO
227,Seven Springs,Seven%20Springs%2C%20,Pennsylvania,PE,Seven%20Springs%2C%20PE
228,Neihart,Neihart%2C%20,Montana,MO,Neihart%2C%20MO
229,Twin Bridges,Twin%20Bridges%2C%20,California,CA,Twin%20Bridges%2C%20CA
230,Kellogg,Kellogg%2C%20,Idaho,ID,Kellogg%2C%20ID
231,Silverton,Silverton%2C%20,CO,CO,Silverton%2C%20CO
232,Vadito,Vadito%2C%20,New%20Mexico,NE,Vadito%2C%20NE
233,Ruidoso,Ruidoso%2C%20,New%20Mexico,NE,Ruidoso%2C%20NE
234,Iron River,Iron%20River%2C%20,Michigan,MI,Iron%20River%2C%20MI
235,Great Barrington,Great%20Barrington%2C%20,Masshusetts,MA,Great%20Barrington%2C%20MA
236,Santa Fe,Santa%20Fe%2C%20,New%20Mexico,NE,Santa%20Fe%2C%20NE
237,Morris,Morris%2C%20,Pennsylvania,PE,Morris%2C%20PE
238,Andalusia,Andalusia%2C%20,Illinois,IL,Andalusia%2C%20IL
239,New Hartford,New%20Hartford%2C%20,Connecticut,CO,New%20Hartford%2C%20CO
240,Shrewsbury,Shrewsbury%2C%20,Masshusetts,MA,Shrewsbury%2C%20MA
241,Cody,Cody%2C%20,Wyoming,WY,Cody%2C%20WY
242,Smugglers Notch,Smugglers%20Notch%2C%20,Vermont,VE,Smugglers%20Notch%2C%20VE
243,Weston,Weston%2C%20,Missouri,MI,Weston%2C%20MI
244,Jackson,Jackson%2C%20,Wyoming,WY,Jackson%2C%20WY
245,Turin,Turin%2C%20,New%20York,NE,Turin%2C%20NE
246,Harrison,Harrison%2C%20,Michigan,MI,Harrison%2C%20MI
247,Big Bear Lake,Big%20Bear%20Lake%2C%20,California,CA,Big%20Bear%20Lake%2C%20CA
248,Mansfield,Mansfield%2C%20,Ohio,OH,Mansfield%2C%20OH
249,Running Springs,Running%20Springs%2C%20,California,CA,Running%20Springs%2C%20CA
250,Huntsville,Huntsville%2C%20,Utah,UT,Huntsville%2C%20UT
251,Snowbird,Snowbird%2C%20,Utah,UT,Snowbird%2C%20UT
252,Snowshoe,Snowshoe%2C%20,West%20Virginia,WE,Snowshoe%2C%20WE
253,Centennial,Centennial%2C%20,Wyoming,WY,Centennial%2C%20WY
254,Truckee,Truckee%2C%20,California,CA,Truckee%2C%20CA
255,Fairfield,Fairfield%2C%20,Idaho,ID,Fairfield%2C%20ID
256,Brighton,Brighton%2C%20,Utah,UT,Brighton%2C%20UT
257,Tully,Tully%2C%20,New%20York,NE,Tully%2C%20NE
258,Duluth,Duluth%2C%20,Minnesota,MI,Duluth%2C%20MI
259,Weston,Weston%2C%20,Oregon,OR,Weston%2C%20OR
260,Spring Mount,Spring%20Mount%2C%20,Pennsylvania,PE,Spring%20Mount%2C%20PE
261,Wenatchee,Wenatchee%2C%20,Washington,WA,Wenatchee%2C%20WA
262,Steamboat Springs,Steamboat%20Springs%2C%20,Colorado,CO,Steamboat%20Springs%2C%20CO
263,Skykosh,Skykosh%2C%20,Washington,WA,Skykosh%2C%20WA
264,Stowe,Stowe%2C%20,Vermont,VE,Stowe%2C%20VE
265,Stratton Mountain,Stratton%20Mountain%2C%20,Vermont,VE,Stratton%20Mountain%2C%20VE
266,Norden,Norden%2C%20,California,CA,Norden%2C%20CA
267,Banner Elk,Banner%20Elk%2C%20,North%20Carolina,NO,Banner%20Elk%2C%20NO
268,Warren,Warren%2C%20,Vermont,VE,Warren%2C%20VE
269,Carrabassett Valley,Carrabassett%20Valley%2C%20,Maine,MA,Carrabassett%20Valley%2C%20MA
270,Snoquale Pass,Snoquale%20Pass%2C%20,Washington,WA,Snoquale%20Pass%2C%20WA
271,Sun Valley,Sun%20Valley%2C%20,Idaho,ID,Sun%20Valley%2C%20ID
272,Kewaskum,Kewaskum%2C%20,Wisconsin,WI,Kewaskum%2C%20WI
273,Sundance,Sundance%2C%20,Utah,UT,Sundance%2C%20UT
274,Newry,Newry%2C%20,Maine,MA,Newry%2C%20MA
275,Dubuque,Dubuque%2C%20,Iowa,IO,Dubuque%2C%20IO
276,Glenwood Springs,Glenwood%20Springs%2C%20,Colorado,CO,Glenwood%20Springs%2C%20CO
277,Greer,Greer%2C%20,Arizona,AR,Greer%2C%20AR
278,Swain,Swain%2C%20,New%20York,NE,Swain%2C%20NE
279,Jones,Jones%2C%20,Michigan,MI,Jones%2C%20MI
280,Truckee,Truckee%2C%20,California,CA,Truckee%2C%20CA
281,Tamark,Tamark%2C%20,Idaho,ID,Tamark%2C%20ID
282,Taos Ski Valley,Taos%20Ski%20Valley%2C%20,New%20Mexico,NE,Taos%20Ski%20Valley%2C%20NE
283,Telluride,Telluride%2C%20,Colorado,CO,Telluride%2C%20CO
284,Lead,Lead%2C%20,South%20Dakota,SO,Lead%2C%20SO
285,Choteau,Choteau%2C%20,Montana,MO,Choteau%2C%20MO
286,Harbor Springs,Harbor%20Springs%2C%20,Michigan,MI,Harbor%20Springs%2C%20MI
287,Glen Arbor,Glen%20Arbor%2C%20,Michigan,MI,Glen%20Arbor%2C%20MI
288,Patterson,Patterson%2C%20,New%20York,NE,Patterson%2C%20NE
289,Gobles,Gobles%2C%20,Michigan,MI,Gobles%2C%20MI
290,Davis,Davis%2C%20,West%20Virginia,WE,Davis%2C%20WE
291,Timberline Lodge,Timberline%20Lodge%2C%20,Oregon,OR,Timberline%20Lodge%2C%20OR
292,Malone,Malone%2C%20,New%20York,NE,Malone%2C%20NE
293,Fabius,Fabius%2C%20,New%20York,NE,Fabius%2C%20NE
294,Gaylord,Gaylord%2C%20,Michigan,MI,Gaylord%2C%20MI
295,Dresser,Dresser%2C%20,Wisconsin,WI,Dresser%2C%20WI
296,Boalsburg,Boalsburg%2C%20,Pennsylvania,PE,Boalsburg%2C%20PE
297,Mt. Horeb,Mt.%20Horeb%2C%20,Wisconsin,WI,Mt.%20Horeb%2C%20WI
298,Vail,Vail%2C%20,Colorado,CO,Vail%2C%20CO
299,Bartlett,Bartlett%2C%20,Illinois,IL,Bartlett%2C%20IL
300,Waterville Valley,Waterville%20Valley%2C%20,New%20Hampshire,NE,Waterville%20Valley%2C%20NE
301,Welch,Welch%2C%20,Minnesota,MI,Welch%2C%20MI
302,Glen Falls,Glen%20Falls%2C%20,New%20York,NE,Glen%20Falls%2C%20NE
303,Enfiled,Enfiled%2C%20,New%20Hampshire,NE,Enfiled%2C%20NE
304,White Pass,White%20Pass%2C%20,Washington,WA,White%20Pass%2C%20WA
305,Pinedale,Pinedale%2C%20,Wyoming,WY,Pinedale%2C%20WY
306,Upson,Upson%2C%20,Wisconsin,WI,Upson%2C%20WI
307,Wilngton,Wilngton%2C%20,New%20York,NE,Wilngton%2C%20NE
308,Whitefish,Whitefish%2C%20,Montana,MO,Whitefish%2C%20MO
309,Mercersburg,Mercersburg%2C%20,Pennsylvania,PE,Mercersburg%2C%20PE
310,Princeton,Princeton%2C%20,Masshusetts,MA,Princeton%2C%20MA
311,Taylors Falls,Taylors%20Falls%2C%20,Minnesota,MI,Taylors%20Falls%2C%20MI
312,Jackson,Jackson%2C%20,New%20Hampshire,NE,Jackson%2C%20NE
313,Eugene,Eugene%2C%20,Oregon,OR,Eugene%2C%20OR
314,Greenwich,Greenwich%2C%20,New%20York,NE,Greenwich%2C%20NE
315,Wilmot,Wilmot%2C%20,Wisconsin,WI,Wilmot%2C%20WI
316,Windham,Windham%2C%20,New%20York,NE,Windham%2C%20NE
317,Winter Park,Winter%20Park%2C%20,Colorado,CO,Winter%20Park%2C%20CO
318,Wintergreen,Wintergreen%2C%20,Virginia,VI,Wintergreen%2C%20VI
319,Flat Top,Flat%20Top%2C%20,West%20Virginia,WE,Flat%20Top%2C%20WE
320,McHenry,McHenry%2C%20,Maryland,MA,McHenry%2C%20MA
321,Pagosa Springs,Pagosa%20Springs%2C%20,Colorado,CO,Pagosa%20Springs%2C%20CO
322,Mars Hill,Mars%20Hill%2C%20,North%20Carolina,NO,Mars%20Hill%2C%20NO
323,Woodbury,Woodbury%2C%20,Connecticut,CO,Woodbury%2C%20CO
324,Westernville,Westernville%2C%20,New%20York,NE,Westernville%2C%20NE
325,Slocum,Slocum%2C%20,Rhode%20Island,RH,Slocum%2C%20RH
326,Yosete,Yosete%2C%20,California,CA,Yosete%2C%20CA
327,Wenatchee,Wenatchee%2C%20,Washington,WA,Wenatchee%2C%20WA
328,Bend,Bend%2C%20,Oregon,OR,Bend%2C%20OR
329,Michigan,Michigan%2C%20,Michigan,MI,Michigan%2C%20MI
330,Shawnee on Delaware,Shawnee%20on%20Delaware%2C%20,Pennsylvania,PE,Shawnee%20on%20Delaware%2C%20PE
331,Princeton,Princeton%2C%20,Masshusetts,MA,Princeton%2C%20MA
332,Londonderry,Londonderry%2C%20,Vermont,VE,Londonderry%2C%20VE